# Chinese names of AI companies, products and people, and their usual English: scripts/fightin.py writes them in
# English in the Chinese texts before counting (LaBSE can't match names whose Chinese is unrelated to the English:
# 文心一言 vs "ERNIE Bot" scored 0.44). Write the English as English coverage does, capitalised (in Chinese texts,
# lowercase Latin words are dropped as quoted English). Longer names are replaced first (文心一言 before 文心).
# Also the official slogans (新质生产力, 中国式现代化 ...), in their standard English (Xinhua, State Council), so
# each is counted once rather than split across loose phrase matches. Every English word capitalised (Belt And
# Road: a lowercase word in a Chinese text breaks the phrase), and at least two words (phrases are 2-3 words).
chinese	english
文心一言	ERNIE Bot
文心大模型	ERNIE
文心	ERNIE
通义千问	Qwen
千问	Qwen
通义	Tongyi
豆包	Doubao
月之暗面	Moonshot AI
深度求索	DeepSeek
字节跳动	ByteDance
百度	Baidu
阿里巴巴	Alibaba
阿里云	Alibaba Cloud
腾讯	Tencent
混元	Hunyuan
华为	Huawei
昇腾	Ascend
盘古	Pangu
英伟达	Nvidia
智谱清言	Zhipu Qingyan
智谱	Zhipu
商汤	SenseTime
科大讯飞	iFlytek
讯飞星火	iFlytek Spark
零一万物	01.AI
百川智能	Baichuan
阶跃星辰	StepFun
可灵	Kling
快手	Kuaishou
宇树	Unitree
小米	Xiaomi
中芯国际	SMIC
寒武纪	Cambricon
台积电	TSMC
谷歌	Google
微软	Microsoft
亚马逊	Amazon
特斯拉	Tesla
马斯克	Musk
奥特曼	Altman
黄仁勋	Jensen Huang
扎克伯格	Zuckerberg
生成式人工智能	Generative AI
具身智能	Embodied AI
习近平	Xi Jinping
新质生产力	New Quality Productive Forces
中国式现代化	Chinese Modernization
高质量发展	High-Quality Development
新发展理念	New Development Philosophy
深度融合	Deep Integration
融合发展	Integrated Development
协同发展	Coordinated Development
科技创新	Technological Innovation
科技自立自强	Scientific And Technological Self-Reliance
科技强国	Science And Technology Powerhouse
数字经济	Digital Economy
数字中国	Digital China
实体经济	Real Economy
营商环境	Business Environment
新型工业化	New Industrialization
现代化产业体系	Modern Industrial System
产业链供应链	Industrial And Supply Chains
东数西算	East Data West Computing
新基建	New Infrastructure
人工智能+	AI Plus
共同富裕	Common Prosperity
双循环	Dual Circulation
一带一路	Belt And Road
